<?xml version="1.0" encoding="utf-8"?>
<SoundBanksInfo Platform="Windows" BasePlatform="Windows" SchemaVersion="12" SoundbankVersion="140">
	<RootPaths>
		<ProjectRoot>/Users/tovarish_volkov/Library/Application Support/Wwise2019/Bottles/Wwise2019x64/dosdevices/z:/Volumes/Library/Yandex.Disk.localized/Projects/GameDev/_Practice/GodofWar-AxeThrow-master/GodofWar-AxeThrow-master_WwiseProject/</ProjectRoot>
		<SourceFilesRoot>/Users/tovarish_volkov/Library/Application Support/Wwise2019/Bottles/Wwise2019x64/dosdevices/z:/Volumes/Library/Yandex.Disk.localized/Projects/GameDev/_Practice/GodofWar-AxeThrow-master/GodofWar-AxeThrow-master_WwiseProject/.cache/Windows/</SourceFilesRoot>
		<SoundBanksRoot>/Users/tovarish_volkov/Library/Application Support/Wwise2019/Bottles/Wwise2019x64/dosdevices/z:/Volumes/Library/Yandex.Disk.localized/Projects/GameDev/_Practice/GodofWar-AxeThrow-master/GodofWar-AxeThrow-master_WwiseProject/GeneratedSoundBanks/Windows/</SoundBanksRoot>
		<ExternalSourcesInputFile></ExternalSourcesInputFile>
		<ExternalSourcesOutputRoot>/Users/tovarish_volkov/Library/Application Support/Wwise2019/Bottles/Wwise2019x64/dosdevices/z:/Volumes/Library/Yandex.Disk.localized/Projects/GameDev/_Practice/GodofWar-AxeThrow-master/GodofWar-AxeThrow-master_WwiseProject/GeneratedSoundBanks/Windows</ExternalSourcesOutputRoot>
	</RootPaths>
	<DialogueEvents/>
	<StreamedFiles/>
	<MediaFilesNotInAnyBank/>
	<SoundBanks>
		<SoundBank Id="1129097894" Language="SFX" Hash="1163204654">
			<ObjectPath>\SoundBanks\Box\Box_SoundBank</ObjectPath>
			<ShortName>Box_SoundBank</ShortName>
			<Path>Box_SoundBank.bnk</Path>
			<IncludedEvents>
				<Event Id="3697516277" Name="Play_boxesDown" ObjectPath="\Events\Box\Play_boxesDown" MaxAttenuation="30.000000" DurationType="OneShot" DurationMin="0.594376" DurationMax="0.840575">
					<IncludedMemoryFiles>
						<File Id="122468891" Language="SFX">
							<ShortName>Box\boxesDown\Down\Box_Drop_1.wav</ShortName>
							<Path>SFX/Box/boxesDown/Down/Box_Drop_1_4F5FFDA8.wem</Path>
						</File>
						<File Id="192656175" Language="SFX">
							<ShortName>Box\boxesDown\Wood_Creacks\Box_Wood_Creack_3.wav</ShortName>
							<Path>SFX/Box/boxesDown/Wood_Creacks/Box_Wood_Creack_3_10C4C929.wem</Path>
						</File>
						<File Id="285934540" Language="SFX">
							<ShortName>Box\boxesDown\Wood_Creacks\Box_Wood_Creack_4.wav</ShortName>
							<Path>SFX/Box/boxesDown/Wood_Creacks/Box_Wood_Creack_4_10C4C929.wem</Path>
						</File>
						<File Id="383072134" Language="SFX">
							<ShortName>Box\boxesDown\Down\Box_Drop_2.wav</ShortName>
							<Path>SFX/Box/boxesDown/Down/Box_Drop_2_224453A1.wem</Path>
						</File>
						<File Id="403444313" Language="SFX">
							<ShortName>Box\boxesDown\Wood_Hit\Box_Wood_Hit_8.wav</ShortName>
							<Path>SFX/Box/boxesDown/Wood_Hit/Box_Wood_Hit_8_10C4C929.wem</Path>
						</File>
						<File Id="410640120" Language="SFX">
							<ShortName>Box\boxesDown\Wood_Creacks\Box_Wood_Creack_2.wav</ShortName>
							<Path>SFX/Box/boxesDown/Wood_Creacks/Box_Wood_Creack_2_10C4C929.wem</Path>
						</File>
						<File Id="438197425" Language="SFX">
							<ShortName>Box\boxesDown\Wood_Creacks\Box_Wood_Creack_6.wav</ShortName>
							<Path>SFX/Box/boxesDown/Wood_Creacks/Box_Wood_Creack_6_10C4C929.wem</Path>
						</File>
						<File Id="475923445" Language="SFX">
							<ShortName>Box\boxesDown\Wood_Hit\Box_Wood_Hit_4.wav</ShortName>
							<Path>SFX/Box/boxesDown/Wood_Hit/Box_Wood_Hit_4_10C4C929.wem</Path>
						</File>
						<File Id="530938263" Language="SFX">
							<ShortName>Box\boxesDown\Wood_Creacks\Box_Wood_Creack_1.wav</ShortName>
							<Path>SFX/Box/boxesDown/Wood_Creacks/Box_Wood_Creack_1_10C4C929.wem</Path>
						</File>
						<File Id="603647306" Language="SFX">
							<ShortName>Box\boxesDown\Wood_Creacks\Box_Wood_Creack_5.wav</ShortName>
							<Path>SFX/Box/boxesDown/Wood_Creacks/Box_Wood_Creack_5_10C4C929.wem</Path>
						</File>
						<File Id="621447903" Language="SFX">
							<ShortName>Box\boxesDown\Wood_Hit\Box_Wood_Hit_1.wav</ShortName>
							<Path>SFX/Box/boxesDown/Wood_Hit/Box_Wood_Hit_1_10C4C929.wem</Path>
						</File>
						<File Id="732342376" Language="SFX">
							<ShortName>Box\boxesDown\Wood_Creacks\Box_Wood_Creack_8.wav</ShortName>
							<Path>SFX/Box/boxesDown/Wood_Creacks/Box_Wood_Creack_8_10C4C929.wem</Path>
						</File>
						<File Id="762576412" Language="SFX">
							<ShortName>Box\boxesDown\Down\Box_Drop_2.wav</ShortName>
							<Path>SFX/Box/boxesDown/Down/Box_Drop_2_C3AD9D41.wem</Path>
						</File>
						<File Id="938140054" Language="SFX">
							<ShortName>Box\boxesDown\Wood_Hit\Box_Wood_Hit_2.wav</ShortName>
							<Path>SFX/Box/boxesDown/Wood_Hit/Box_Wood_Hit_2_10C4C929.wem</Path>
						</File>
						<File Id="957644877" Language="SFX">
							<ShortName>Box\boxesDown\Wood_Creacks\Box_Wood_Creack_7.wav</ShortName>
							<Path>SFX/Box/boxesDown/Wood_Creacks/Box_Wood_Creack_7_10C4C929.wem</Path>
						</File>
						<File Id="1044735367" Language="SFX">
							<ShortName>Box\boxesDown\Wood_Hit\Box_Wood_Hit_6.wav</ShortName>
							<Path>SFX/Box/boxesDown/Wood_Hit/Box_Wood_Hit_6_10C4C929.wem</Path>
						</File>
					</IncludedMemoryFiles>
				</Event>
			</IncludedEvents>
			<GameParameters>
				<GameParameter Id="2923426624" Name="Box_Crash" ObjectPath="\Game Parameters\Default Work Unit\Box_Crash"/>
			</GameParameters>
		</SoundBank>
		<SoundBank Id="1355168291" Language="SFX" Hash="502253745">
			<ObjectPath>Init</ObjectPath>
			<ShortName>Init</ShortName>
			<Path>Init.bnk</Path>
			<IncludedAuxBusses>
				<AuxBus Id="348963605" Name="Reverb" ObjectPath="\Master-Mixer Hierarchy\Default Work Unit\Master Audio Bus\AUX\Reverb"/>
				<AuxBus Id="983310469" Name="AUX" ObjectPath="\Master-Mixer Hierarchy\Default Work Unit\Master Audio Bus\AUX"/>
			</IncludedAuxBusses>
		</SoundBank>
		<SoundBank Id="3049275351" Language="SFX" Hash="2636773996">
			<ObjectPath>\SoundBanks\Character\Char_SoundBank</ObjectPath>
			<ShortName>Char_SoundBank</ShortName>
			<Path>Char_SoundBank.bnk</Path>
			<IncludedEvents>
				<Event Id="17721092" Name="Play_Grab" ObjectPath="\Events\Character\Move\Play_Grab" DurationType="OneShot" DurationMin="0.231837" DurationMax="0.231837">
					<IncludedMemoryFiles>
						<File Id="443633234" Language="SFX">
							<ShortName>Character\Movements\Grab\GoW_AxeThrow_grab_2.wav</ShortName>
							<Path>SFX/Character/Movements/Grab/GoW_AxeThrow_grab_2_10C4C929.wem</Path>
						</File>
						<File Id="648335772" Language="SFX">
							<ShortName>Character\Movements\Grab\GoW_AxeThrow_grab_1.wav</ShortName>
							<Path>SFX/Character/Movements/Grab/GoW_AxeThrow_grab_1_10C4C929.wem</Path>
						</File>
						<File Id="814315865" Language="SFX">
							<ShortName>Character\Movements\Grab\GoW_AxeThrow_grab_4.wav</ShortName>
							<Path>SFX/Character/Movements/Grab/GoW_AxeThrow_grab_4_10C4C929.wem</Path>
						</File>
						<File Id="995587846" Language="SFX">
							<ShortName>Character\Movements\Grab\GoW_AxeThrow_grab_3.wav</ShortName>
							<Path>SFX/Character/Movements/Grab/GoW_AxeThrow_grab_3_10C4C929.wem</Path>
						</File>
					</IncludedMemoryFiles>
				</Event>
				<Event Id="1682718769" Name="Play_Move" ObjectPath="\Events\Character\Move\Play_Move" DurationType="OneShot" DurationMin="0.348549" DurationMax="0.348549">
					<IncludedMemoryFiles>
						<File Id="20304182" Language="SFX">
							<ShortName>Character\Movements\Move\Clothes\Char_Move_clothes_8.wav</ShortName>
							<Path>SFX/Character/Movements/Move/Clothes/Char_Move_clothes_8_10C4C929.wem</Path>
						</File>
						<File Id="30874041" Language="SFX">
							<ShortName>Character\Movements\Move\Clothes\Char_Move_clothes_2.wav</ShortName>
							<Path>SFX/Character/Movements/Move/Clothes/Char_Move_clothes_2_10C4C929.wem</Path>
						</File>
						<File Id="49666919" Language="SFX">
							<ShortName>Character\Movements\Move\Footsteps\Char_Move_Footsteps_stone_3.wav</ShortName>
							<Path>SFX/Character/Movements/Move/Footsteps/Char_Move_Footsteps_stone_3_10C4C929.wem</Path>
						</File>
						<File Id="58206787" Language="SFX">
							<ShortName>Character\Movements\Move\Footsteps\Char_Move_Footsteps_stone_2.wav</ShortName>
							<Path>SFX/Character/Movements/Move/Footsteps/Char_Move_Footsteps_stone_2_10C4C929.wem</Path>
						</File>
						<File Id="93824433" Language="SFX">
							<ShortName>Character\Movements\Move\Clothes\Char_Move_clothes_7.wav</ShortName>
							<Path>SFX/Character/Movements/Move/Clothes/Char_Move_clothes_7_10C4C929.wem</Path>
						</File>
						<File Id="155642060" Language="SFX">
							<ShortName>Character\Movements\Move\Clothes\Char_Move_clothes_6.wav</ShortName>
							<Path>SFX/Character/Movements/Move/Clothes/Char_Move_clothes_6_10C4C929.wem</Path>
						</File>
						<File Id="187469863" Language="SFX">
							<ShortName>Character\Movements\Move\Footsteps\Char_Move_Footsteps_stone_5.wav</ShortName>
							<Path>SFX/Character/Movements/Move/Footsteps/Char_Move_Footsteps_stone_5_10C4C929.wem</Path>
						</File>
						<File Id="448158442" Language="SFX">
							<ShortName>Character\Movements\Move\Footsteps\Char_Move_Footsteps_stone_6.wav</ShortName>
							<Path>SFX/Character/Movements/Move/Footsteps/Char_Move_Footsteps_stone_6_10C4C929.wem</Path>
						</File>
						<File Id="486146354" Language="SFX">
							<ShortName>Character\Movements\Move\Clothes\Char_Move_clothes_3.wav</ShortName>
							<Path>SFX/Character/Movements/Move/Clothes/Char_Move_clothes_3_10C4C929.wem</Path>
						</File>
						<File Id="520768121" Language="SFX">
							<ShortName>Character\Movements\Move\Footsteps\Char_Move_Footsteps_stone_8.wav</ShortName>
							<Path>SFX/Character/Movements/Move/Footsteps/Char_Move_Footsteps_stone_8_10C4C929.wem</Path>
						</File>
						<File Id="544712739" Language="SFX">
							<ShortName>Character\Movements\Move\Footsteps\Char_Move_Footsteps_stone_7.wav</ShortName>
							<Path>SFX/Character/Movements/Move/Footsteps/Char_Move_Footsteps_stone_7_10C4C929.wem</Path>
						</File>
						<File Id="608650826" Language="SFX">
							<ShortName>Character\Movements\Move\Clothes\Char_Move_clothes_4.wav</ShortName>
							<Path>SFX/Character/Movements/Move/Clothes/Char_Move_clothes_4_10C4C929.wem</Path>
						</File>
						<File Id="620701919" Language="SFX">
							<ShortName>Character\Movements\Move\Footsteps\Char_Move_Footsteps_stone_4.wav</ShortName>
							<Path>SFX/Character/Movements/Move/Footsteps/Char_Move_Footsteps_stone_4_10C4C929.wem</Path>
						</File>
						<File Id="887471447" Language="SFX">
							<ShortName>Character\Movements\Move\Clothes\Char_Move_clothes_1.wav</ShortName>
							<Path>SFX/Character/Movements/Move/Clothes/Char_Move_clothes_1_10C4C929.wem</Path>
						</File>
						<File Id="895188735" Language="SFX">
							<ShortName>Character\Movements\Move\Footsteps\Char_Move_Footsteps_stone_1.wav</ShortName>
							<Path>SFX/Character/Movements/Move/Footsteps/Char_Move_Footsteps_stone_1_10C4C929.wem</Path>
						</File>
						<File Id="1045906989" Language="SFX">
							<ShortName>Character\Movements\Move\Clothes\Char_Move_clothes_5.wav</ShortName>
							<Path>SFX/Character/Movements/Move/Clothes/Char_Move_clothes_5_10C4C929.wem</Path>
						</File>
					</IncludedMemoryFiles>
				</Event>
				<Event Id="1531482407" Name="Play_Pull" ObjectPath="\Events\Character\Move\Play_Pull" DurationType="OneShot" DurationMin="0.350371" DurationMax="0.421332">
					<IncludedMemoryFiles>
						<File Id="20304182" Language="SFX">
							<ShortName>Character\Movements\Move\Clothes\Char_Move_clothes_8.wav</ShortName>
							<Path>SFX/Character/Movements/Move/Clothes/Char_Move_clothes_8_10C4C929.wem</Path>
						</File>
						<File Id="30874041" Language="SFX">
							<ShortName>Character\Movements\Move\Clothes\Char_Move_clothes_2.wav</ShortName>
							<Path>SFX/Character/Movements/Move/Clothes/Char_Move_clothes_2_10C4C929.wem</Path>
						</File>
						<File Id="93824433" Language="SFX">
							<ShortName>Character\Movements\Move\Clothes\Char_Move_clothes_7.wav</ShortName>
							<Path>SFX/Character/Movements/Move/Clothes/Char_Move_clothes_7_10C4C929.wem</Path>
						</File>
						<File Id="155642060" Language="SFX">
							<ShortName>Character\Movements\Move\Clothes\Char_Move_clothes_6.wav</ShortName>
							<Path>SFX/Character/Movements/Move/Clothes/Char_Move_clothes_6_10C4C929.wem</Path>
						</File>
						<File Id="446254470" Language="SFX">
							<ShortName>Character\Movements\Pull\LeatherScreatch\Char_Pull_LScreatch.wav</ShortName>
							<Path>SFX/Character/Movements/Pull/LeatherScreatch/Char_Pull_LScreatch_609F3BC5.wem</Path>
						</File>
						<File Id="486146354" Language="SFX">
							<ShortName>Character\Movements\Move\Clothes\Char_Move_clothes_3.wav</ShortName>
							<Path>SFX/Character/Movements/Move/Clothes/Char_Move_clothes_3_10C4C929.wem</Path>
						</File>
						<File Id="608650826" Language="SFX">
							<ShortName>Character\Movements\Move\Clothes\Char_Move_clothes_4.wav</ShortName>
							<Path>SFX/Character/Movements/Move/Clothes/Char_Move_clothes_4_10C4C929.wem</Path>
						</File>
						<File Id="887377794" Language="SFX">
							<ShortName>Character\Movements\Pull\LeatherScreatch\Char_Pull_LScreatch.wav</ShortName>
							<Path>SFX/Character/Movements/Pull/LeatherScreatch/Char_Pull_LScreatch_01C83141.wem</Path>
						</File>
						<File Id="887471447" Language="SFX">
							<ShortName>Character\Movements\Move\Clothes\Char_Move_clothes_1.wav</ShortName>
							<Path>SFX/Character/Movements/Move/Clothes/Char_Move_clothes_1_10C4C929.wem</Path>
						</File>
						<File Id="1045906989" Language="SFX">
							<ShortName>Character\Movements\Move\Clothes\Char_Move_clothes_5.wav</ShortName>
							<Path>SFX/Character/Movements/Move/Clothes/Char_Move_clothes_5_10C4C929.wem</Path>
						</File>
					</IncludedMemoryFiles>
				</Event>
				<Event Id="3556711234" Name="Play_Revers_Axe" ObjectPath="\Events\Character\Revers_Axe\Play_Revers_Axe" DurationType="Infinite">
					<IncludedMemoryFiles>
						<File Id="276370856" Language="SFX">
							<ShortName>Character\Revers_Axe\GoW_AxeThrow_Blade.wav</ShortName>
							<Path>SFX/Character/Revers_Axe/GoW_AxeThrow_Blade_10C4C929.wem</Path>
						</File>
						<File Id="432598144" Language="SFX">
							<ShortName>Character\Revers_Axe\GoW_AxeThrow_Revers_Axe - stem.wav</ShortName>
							<Path>SFX/Character/Revers_Axe/GoW_AxeThrow_Revers_Axe - stem_10C4C929.wem</Path>
						</File>
						<File Id="592431302" Language="SFX">
							<ShortName>Character\Revers_Axe\GoW_AxeThrow_SUB.wav</ShortName>
							<Path>SFX/Character/Revers_Axe/GoW_AxeThrow_SUB_FCC4AE0A.wem</Path>
						</File>
					</IncludedMemoryFiles>
				</Event>
				<Event Id="1977644338" Name="Play_Throw" ObjectPath="\Events\Character\Move\Play_Throw" DurationType="OneShot" DurationMin="0.835125" DurationMax="0.835125">
					<IncludedMemoryFiles>
						<File Id="50603592" Language="SFX">
							<ShortName>Character\Movements\Throw\Axe_Blade\GoW_AxeThrow_axe_Blade_1.wav</ShortName>
							<Path>SFX/Character/Movements/Throw/Axe_Blade/GoW_AxeThrow_axe_Blade_1_10C4C929.wem</Path>
						</File>
						<File Id="183961272" Language="SFX">
							<ShortName>Character\Movements\Throw\Whoosh\GoW_AxeThrow_whoosh_2.wav</ShortName>
							<Path>SFX/Character/Movements/Throw/Whoosh/GoW_AxeThrow_whoosh_2_10C4C929.wem</Path>
						</File>
						<File Id="344530561" Language="SFX">
							<ShortName>Character\Movements\Throw\Axe_Blade\GoW_AxeThrow_axe_Blade_2.wav</ShortName>
							<Path>SFX/Character/Movements/Throw/Axe_Blade/GoW_AxeThrow_axe_Blade_2_10C4C929.wem</Path>
						</File>
						<File Id="522362166" Language="SFX">
							<ShortName>Character\Movements\Throw\Whoosh\GoW_AxeThrow_whoosh_1.wav</ShortName>
							<Path>SFX/Character/Movements/Throw/Whoosh/GoW_AxeThrow_whoosh_1_10C4C929.wem</Path>
						</File>
						<File Id="549773651" Language="SFX">
							<ShortName>Character\Movements\Throw\Axe_Blade\GoW_AxeThrow_axe_Blade_4.wav</ShortName>
							<Path>SFX/Character/Movements/Throw/Axe_Blade/GoW_AxeThrow_axe_Blade_4_10C4C929.wem</Path>
						</File>
						<File Id="671300619" Language="SFX">
							<ShortName>Character\Movements\Throw\Axe_Blade\GoW_AxeThrow_axe_Blade_3.wav</ShortName>
							<Path>SFX/Character/Movements/Throw/Axe_Blade/GoW_AxeThrow_axe_Blade_3_10C4C929.wem</Path>
						</File>
						<File Id="789139771" Language="SFX">
							<ShortName>Character\Movements\Throw\Whoosh\GoW_AxeThrow_whoosh_4.wav</ShortName>
							<Path>SFX/Character/Movements/Throw/Whoosh/GoW_AxeThrow_whoosh_4_10C4C929.wem</Path>
						</File>
						<File Id="846227729" Language="SFX">
							<ShortName>Character\Movements\Throw\Whoosh\GoW_AxeThrow_whoosh_3.wav</ShortName>
							<Path>SFX/Character/Movements/Throw/Whoosh/GoW_AxeThrow_whoosh_3_10C4C929.wem</Path>
						</File>
					</IncludedMemoryFiles>
				</Event>
				<Event Id="712763944" Name="Play_ThrowVoice" ObjectPath="\Events\Character\Voices\Play_ThrowVoice" DurationType="OneShot" DurationMin="0.898367" DurationMax="0.898367">
					<IncludedMemoryFiles>
						<File Id="67644109" Language="SFX">
							<ShortName>Character\Voices\ThrowVoice\Char_Voices_Attack_Strong_7.wav</ShortName>
							<Path>SFX/Character/Voices/ThrowVoice/Char_Voices_Attack_Strong_7_10C4C929.wem</Path>
						</File>
						<File Id="237491044" Language="SFX">
							<ShortName>Character\Voices\ThrowVoice\Char_Voices_Attack_Strong_3.wav</ShortName>
							<Path>SFX/Character/Voices/ThrowVoice/Char_Voices_Attack_Strong_3_10C4C929.wem</Path>
						</File>
						<File Id="279597936" Language="SFX">
							<ShortName>Character\Voices\ThrowVoice\Char_Voices_Attack_Strong_4.wav</ShortName>
							<Path>SFX/Character/Voices/ThrowVoice/Char_Voices_Attack_Strong_4_10C4C929.wem</Path>
						</File>
					</IncludedMemoryFiles>
				</Event>
				<Event Id="2240035124" Name="Stop_Revers_Axe" ObjectPath="\Events\Character\Revers_Axe\Stop_Revers_Axe" MaxAttenuation="0.000000" DurationType="OneShot" DurationMin="0.000000" DurationMax="0.000000"/>
			</IncludedEvents>
			<GameParameters>
				<GameParameter Id="3279905827" Name="Axe_Distance" ObjectPath="\Game Parameters\Default Work Unit\Axe_Distance"/>
			</GameParameters>
		</SoundBank>
		<SoundBank Id="3089454529" Language="SFX" Hash="2461764056">
			<ObjectPath>\SoundBanks\Axe\Axe_SoundBank</ObjectPath>
			<ShortName>Axe_SoundBank</ShortName>
			<Path>Axe_SoundBank.bnk</Path>
			<IncludedEvents>
				<Event Id="3191387806" Name="Play_AxePunch" ObjectPath="\Events\Axe\Play_AxePunch" MaxAttenuation="100.000000" DurationType="OneShot" DurationMin="0.528641" DurationMax="1.070771">
					<IncludedMemoryFiles>
						<File Id="159800974" Language="SFX">
							<ShortName>Axe\Punch\stonePunch\stonePunch\Axe_Stone_Punch_1.wav</ShortName>
							<Path>SFX/Axe/Punch/stonePunch/stonePunch/Axe_Stone_Punch_1_D49BE07A.wem</Path>
						</File>
						<File Id="180328107" Language="SFX">
							<ShortName>Axe\Punch\stonePunch\stonePunch\Axe_Stone_Punch_2.wav</ShortName>
							<Path>SFX/Axe/Punch/stonePunch/stonePunch/Axe_Stone_Punch_2_D49BE07A.wem</Path>
						</File>
						<File Id="420691420" Language="SFX">
							<ShortName>Axe\Punch\stonePunch\slide\Axe_Hit_Stone_Slide_1.wav</ShortName>
							<Path>SFX/Axe/Punch/stonePunch/slide/Axe_Hit_Stone_Slide_1_10C4C929.wem</Path>
						</File>
						<File Id="487888699" Language="SFX">
							<ShortName>Axe\Punch\woodPunch\Axe_Wood_Punch.wav</ShortName>
							<Path>SFX/Axe/Punch/woodPunch/Axe_Wood_Punch_9E97776C.wem</Path>
						</File>
						<File Id="500207129" Language="SFX">
							<ShortName>Axe\Punch\stonePunch\slide\Axe_Hit_Stone_Slide_3.wav</ShortName>
							<Path>SFX/Axe/Punch/stonePunch/slide/Axe_Hit_Stone_Slide_3_10C4C929.wem</Path>
						</File>
						<File Id="725532281" Language="SFX">
							<ShortName>Axe\Punch\woodPunch\creack\Axe_Wood_Creack_3.wav</ShortName>
							<Path>SFX/Axe/Punch/woodPunch/creack/Axe_Wood_Creack_3_10C4C929.wem</Path>
						</File>
						<File Id="770542491" Language="SFX">
							<ShortName>Axe\Punch\woodPunch\creack\Axe_Wood_Creack_1.wav</ShortName>
							<Path>SFX/Axe/Punch/woodPunch/creack/Axe_Wood_Creack_1_10C4C929.wem</Path>
						</File>
						<File Id="810218144" Language="SFX">
							<ShortName>Axe\Punch\woodPunch\creack\Axe_Wood_Creack_2.wav</ShortName>
							<Path>SFX/Axe/Punch/woodPunch/creack/Axe_Wood_Creack_2_10C4C929.wem</Path>
						</File>
						<File Id="935747969" Language="SFX">
							<ShortName>Axe\Punch\stonePunch\stonePunch\Axe_Stone_Punch_3.wav</ShortName>
							<Path>SFX/Axe/Punch/stonePunch/stonePunch/Axe_Stone_Punch_3_D49BE07A.wem</Path>
						</File>
						<File Id="1029313155" Language="SFX">
							<ShortName>Axe\Punch\stonePunch\slide\Axe_Hit_Stone_Slide_2.wav</ShortName>
							<Path>SFX/Axe/Punch/stonePunch/slide/Axe_Hit_Stone_Slide_2_10C4C929.wem</Path>
						</File>
					</IncludedMemoryFiles>
					<SwitchContainers>
						<SwitchContainer SwitchValue="{50D2E1FB-0227-4D57-99E2-6CB3CC773C93}">
							<Media>
								<File Id="159800974"/>
								<File Id="180328107"/>
								<File Id="420691420"/>
								<File Id="500207129"/>
								<File Id="935747969"/>
								<File Id="1029313155"/>
							</Media>
						</SwitchContainer>
						<SwitchContainer SwitchValue="{5AF0919A-65B0-43DE-A743-4633937D0612}">
							<Media>
								<File Id="487888699"/>
								<File Id="725532281"/>
								<File Id="770542491"/>
								<File Id="810218144"/>
							</Media>
						</SwitchContainer>
					</SwitchContainers>
				</Event>
				<Event Id="1442029356" Name="Play_AxeWhoosh" ObjectPath="\Events\Axe\Play_AxeWhoosh" MaxAttenuation="50.000000" DurationType="OneShot" DurationMin="0.416190" DurationMax="0.496576">
					<IncludedMemoryFiles>
						<File Id="621883709" Language="SFX">
							<ShortName>Axe\Swoosh\Whoosh\Axe_whoosh_1.wav</ShortName>
							<Path>SFX/Axe/Swoosh/Whoosh/Axe_whoosh_1_10C4C929.wem</Path>
						</File>
						<File Id="896679399" Language="SFX">
							<ShortName>Axe\Swoosh\Whoosh\Axe_whoosh_2.wav</ShortName>
							<Path>SFX/Axe/Swoosh/Whoosh/Axe_whoosh_2_10C4C929.wem</Path>
						</File>
					</IncludedMemoryFiles>
				</Event>
			</IncludedEvents>
			<GameParameters>
				<GameParameter Id="3279905827" Name="Axe_Distance" ObjectPath="\Game Parameters\Default Work Unit\Axe_Distance"/>
			</GameParameters>
			<SwitchGroups>
				<SwitchGroup Id="324241921" Name="Axe_Punch_Switch" ObjectPath="\Switches\Default Work Unit\Axe_Punch_Switch">
					<Switches>
						<Switch Id="1216965916" Name="Stone" ObjectPath="\Switches\Default Work Unit\Axe_Punch_Switch\Stone"/>
						<Switch Id="2058049674" Name="Wood" ObjectPath="\Switches\Default Work Unit\Axe_Punch_Switch\Wood"/>
					</Switches>
				</SwitchGroup>
			</SwitchGroups>
		</SoundBank>
	</SoundBanks>
</SoundBanksInfo>
